<?xml version="1.0" encoding="UTF-8"?><module codename="org.netbeans.modules.autoupdate.services">
    <module_version install_time="1553517193675" last="true" origin="installer" specification_version="1.52.1">
        <file crc="83784818" name="config/Modules/org-netbeans-modules-autoupdate-services.xml"/>
        <file crc="855327768" name="modules/ext/locale/updater_ja.jar"/>
        <file crc="2732991094" name="modules/ext/locale/updater_pt_BR.jar"/>
        <file crc="1798281285" name="modules/ext/locale/updater_ru.jar"/>
        <file crc="3763842396" name="modules/ext/locale/updater_zh_CN.jar"/>
        <file crc="4100944356" name="modules/ext/updater.jar"/>
        <file crc="1833997734" name="modules/locale/org-netbeans-modules-autoupdate-services_ja.jar"/>
        <file crc="3279194126" name="modules/locale/org-netbeans-modules-autoupdate-services_pt_BR.jar"/>
        <file crc="2710518148" name="modules/locale/org-netbeans-modules-autoupdate-services_ru.jar"/>
        <file crc="2167602940" name="modules/locale/org-netbeans-modules-autoupdate-services_zh_CN.jar"/>
        <file crc="4240273945" name="modules/org-netbeans-modules-autoupdate-services.jar"/>
    </module_version>
</module>
